Name,Math,Science,English,Total,Average,Grade
Aman,85,90,88,263,87.66666666666667,B
Riya,78,85,92,255,85.0,B
Rahul,92,89,80,261,87.0,B
Sneha,60,75,70,205,68.33333333333333,C
